customer_id,first_name,last_name,email,registration_date
1,FirstName1,LastName1,customer1@example.com,2023-04-13
2,FirstName2,LastName2,customer2@example.com,2023-12-15
3,FirstName3,LastName3,customer3@example.com,2023-09-28
4,FirstName4,LastName4,customer4@example.com,2023-04-17
5,FirstName5,LastName5,customer5@example.com,2023-03-13
6,FirstName6,LastName6,customer6@example.com,2023-07-08
7,FirstName7,LastName7,customer7@example.com,2023-01-21
8,FirstName8,LastName8,customer8@example.com,2023-04-13
9,FirstName9,LastName9,customer9@example.com,2023-05-02
10,FirstName10,LastName10,customer10@example.com,2023-08-03
11,FirstName11,LastName11,customer11@example.com,2023-11-27
12,FirstName12,LastName12,customer12@example.com,2023-03-29
13,FirstName13,LastName13,customer13@example.com,2023-04-10
14,FirstName14,LastName14,customer14@example.com,2023-12-26
15,FirstName15,LastName15,customer15@example.com,2023-06-01
16,FirstName16,LastName16,customer16@example.com,2023-05-11
17,FirstName17,LastName17,customer17@example.com,2023-05-30
18,FirstName18,LastName18,customer18@example.com,2023-11-05
19,FirstName19,LastName19,customer19@example.com,2023-09-15
20,FirstName20,LastName20,customer20@example.com,2023-12-10
21,FirstName21,LastName21,customer21@example.com,2023-10-21
22,FirstName22,LastName22,customer22@example.com,2023-07-11
23,FirstName23,LastName23,customer23@example.com,2023-10-04
24,FirstName24,LastName24,customer24@example.com,2023-06-10
25,FirstName25,LastName25,customer25@example.com,2023-11-10
26,FirstName26,LastName26,customer26@example.com,2023-01-22
27,FirstName27,LastName27,customer27@example.com,2023-09-10
28,FirstName28,LastName28,customer28@example.com,2023-08-24
29,FirstName29,LastName29,customer29@example.com,2023-12-11
30,FirstName30,LastName30,customer30@example.com,2023-02-18
31,FirstName31,LastName31,customer31@example.com,2023-02-28
32,FirstName32,LastName32,customer32@example.com,2023-06-19
33,FirstName33,LastName33,customer33@example.com,2023-07-07
34,FirstName34,LastName34,customer34@example.com,2023-09-28
35,FirstName35,LastName35,customer35@example.com,2023-07-09
36,FirstName36,LastName36,customer36@example.com,2023-06-24
37,FirstName37,LastName37,customer37@example.com,2023-02-20
38,FirstName38,LastName38,customer38@example.com,2023-12-30
39,FirstName39,LastName39,customer39@example.com,2023-02-24
40,FirstName40,LastName40,customer40@example.com,2023-09-01
41,FirstName41,LastName41,customer41@example.com,2023-11-16
42,FirstName42,LastName42,customer42@example.com,2023-05-11
43,FirstName43,LastName43,customer43@example.com,2023-11-03
44,FirstName44,LastName44,customer44@example.com,2023-05-15
45,FirstName45,LastName45,customer45@example.com,2023-01-21
46,FirstName46,LastName46,customer46@example.com,2023-11-25
47,FirstName47,LastName47,customer47@example.com,2023-06-16
48,FirstName48,LastName48,customer48@example.com,2023-10-01
49,FirstName49,LastName49,customer49@example.com,2023-03-30
50,FirstName50,LastName50,customer50@example.com,2023-11-12
51,FirstName51,LastName51,customer51@example.com,2023-01-14
52,FirstName52,LastName52,customer52@example.com,2023-08-30
53,FirstName53,LastName53,customer53@example.com,2023-09-22
54,FirstName54,LastName54,customer54@example.com,2023-12-12
55,FirstName55,LastName55,customer55@example.com,2023-02-22
56,FirstName56,LastName56,customer56@example.com,2023-12-06
57,FirstName57,LastName57,customer57@example.com,2023-04-02
58,FirstName58,LastName58,customer58@example.com,2023-09-21
59,FirstName59,LastName59,customer59@example.com,2023-02-04
60,FirstName60,LastName60,customer60@example.com,2023-07-25
61,FirstName61,LastName61,customer61@example.com,2023-03-22
62,FirstName62,LastName62,customer62@example.com,2023-02-19
63,FirstName63,LastName63,customer63@example.com,2023-12-26
64,FirstName64,LastName64,customer64@example.com,2023-01-02
65,FirstName65,LastName65,customer65@example.com,2023-02-23
66,FirstName66,LastName66,customer66@example.com,2023-04-16
67,FirstName67,LastName67,customer67@example.com,2023-09-17
68,FirstName68,LastName68,customer68@example.com,2023-11-06
69,FirstName69,LastName69,customer69@example.com,2023-07-10
70,FirstName70,LastName70,customer70@example.com,2023-08-06
71,FirstName71,LastName71,customer71@example.com,2023-02-13
72,FirstName72,LastName72,customer72@example.com,2023-06-11
73,FirstName73,LastName73,customer73@example.com,2023-07-21
74,FirstName74,LastName74,customer74@example.com,2023-09-27
75,FirstName75,LastName75,customer75@example.com,2023-12-17
76,FirstName76,LastName76,customer76@example.com,2023-10-31
77,FirstName77,LastName77,customer77@example.com,2023-09-28
78,FirstName78,LastName78,customer78@example.com,2023-08-03
79,FirstName79,LastName79,customer79@example.com,2023-09-09
80,FirstName80,LastName80,customer80@example.com,2023-07-09
81,FirstName81,LastName81,customer81@example.com,2023-10-23
82,FirstName82,LastName82,customer82@example.com,2023-08-01
83,FirstName83,LastName83,customer83@example.com,2023-07-27
84,FirstName84,LastName84,customer84@example.com,2023-08-25
85,FirstName85,LastName85,customer85@example.com,2023-12-04
86,FirstName86,LastName86,customer86@example.com,2023-02-22
87,FirstName87,LastName87,customer87@example.com,2023-10-07
88,FirstName88,LastName88,customer88@example.com,2023-08-05
89,FirstName89,LastName89,customer89@example.com,2023-09-09
90,FirstName90,LastName90,customer90@example.com,2023-07-07
91,FirstName91,LastName91,customer91@example.com,2023-02-10
92,FirstName92,LastName92,customer92@example.com,2023-06-06
93,FirstName93,LastName93,customer93@example.com,2023-01-15
94,FirstName94,LastName94,customer94@example.com,2023-10-28
95,FirstName95,LastName95,customer95@example.com,2023-03-06
96,FirstName96,LastName96,customer96@example.com,2023-12-11
97,FirstName97,LastName97,customer97@example.com,2023-11-23
98,FirstName98,LastName98,customer98@example.com,2023-01-09
99,FirstName99,LastName99,customer99@example.com,2023-12-10
100,FirstName100,LastName100,customer100@example.com,2023-05-09
